case_id,config_hash,environment_id,experiment,stage,algorithm,n,S,x,seed,repeat,measurement_mode,comparisons,cpu_seconds,wall_seconds,sort_batch_size,cpu_total_seconds,wall_total_seconds,order_position,length_ok,order_ok,integrity_method,integrity_ok,input_sum,input_sum_squares,input_xor,dataset_sha256,output_sha256,rss_bytes_after,python_version,platform,completed_utc
tune:1000:0:hybrid:1:counted,a7a39d252f9e751d19ea16dbb1afa28a9bb7a5994ed037e179d55230e31342a3,35aa442b72a0e70d,c(iii),tune,hybrid,1000,1,100,12300,0,counted,8715,,,1,,,0,True,True,exact_histogram+sum+squares+xor,True,50680,3389548,76,2bf2b0045e285e0fd20c5dca00e5d553681788f3628ceb9e454c06cf22f8aaa8,afacc96c61b086c82d8f1898f0150eb23fa9c5baeb4f3c0c32b514e3b948677c,28811264,3.13.6,Windows-11-10.0.26200-SP0,2026-09-13T10:54:49.291807+00:00
tune:1000:0:hybrid:4:timed,a7a39d252f9e751d19ea16dbb1afa28a9bb7a5994ed037e179d55230e31342a3,35aa442b72a0e70d,c(iii),tune,hybrid,1000,4,100,12300,0,timed,,0.0015625,0.0012152599985711277,20,0.03125,0.024305199971422553,1,True,True,exact_histogram+sum+squares+xor,True,50680,3389548,76,2bf2b0045e285e0fd20c5dca00e5d553681788f3628ceb9e454c06cf22f8aaa8,afacc96c61b086c82d8f1898f0150eb23fa9c5baeb4f3c0c32b514e3b948677c,29020160,3.13.6,Windows-11-10.0.26200-SP0,2026-09-13T10:54:49.324127+00:00
tune:1000:0:hybrid:8:timed,a7a39d252f9e751d19ea16dbb1afa28a9bb7a5994ed037e179d55230e31342a3,35aa442b72a0e70d,c(iii),tune,hybrid,1000,8,100,12300,0,timed,,0.00078125,0.000846214999910444,20,0.015625,0.01692429999820888,2,True,True,exact_histogram+sum+squares+xor,True,50680,3389548,76,2bf2b0045e285e0fd20c5dca00e5d553681788f3628ceb9e454c06cf22f8aaa8,afacc96c61b086c82d8f1898f0150eb23fa9c5baeb4f3c0c32b514e3b948677c,29224960,3.13.6,Windows-11-10.0.26200-SP0,2026-09-13T10:54:49.346542+00:00
tune:1000:0:hybrid:8:counted,a7a39d252f9e751d19ea16dbb1afa28a9bb7a5994ed037e179d55230e31342a3,35aa442b72a0e70d,c(iii),tune,hybrid,1000,8,100,12300,0,counted,9128,,,1,,,3,True,True,exact_histogram+sum+squares+xor,True,50680,3389548,76,2bf2b0045e285e0fd20c5dca00e5d553681788f3628ceb9e454c06cf22f8aaa8,afacc96c61b086c82d8f1898f0150eb23fa9c5baeb4f3c0c32b514e3b948677c,29229056,3.13.6,Windows-11-10.0.26200-SP0,2026-09-13T10:54:49.353707+00:00
tune:1000:0:hybrid:1:timed,a7a39d252f9e751d19ea16dbb1afa28a9bb7a5994ed037e179d55230e31342a3,35aa442b72a0e70d,c(iii),tune,hybrid,1000,1,100,12300,0,timed,,0.00078125,0.0012069399992469699,20,0.015625,0.024138799984939396,4,True,True,exact_histogram+sum+squares+xor,True,50680,3389548,76,2bf2b0045e285e0fd20c5dca00e5d553681788f3628ceb9e454c06cf22f8aaa8,afacc96c61b086c82d8f1898f0150eb23fa9c5baeb4f3c0c32b514e3b948677c,29233152,3.13.6,Windows-11-10.0.26200-SP0,2026-09-13T10:54:49.383250+00:00
tune:1000:0:hybrid:32:counted,a7a39d252f9e751d19ea16dbb1afa28a9bb7a5994ed037e179d55230e31342a3,35aa442b72a0e70d,c(iii),tune,hybrid,1000,32,100,12300,0,counted,13392,,,1,,,5,True,True,exact_histogram+sum+squares+xor,True,50680,3389548,76,2bf2b0045e285e0fd20c5dca00e5d553681788f3628ceb9e454c06cf22f8aaa8,afacc96c61b086c82d8f1898f0150eb23fa9c5baeb4f3c0c32b514e3b948677c,29233152,3.13.6,Windows-11-10.0.26200-SP0,2026-09-13T10:54:49.389533+00:00
tune:1000:0:hybrid:16:counted,a7a39d252f9e751d19ea16dbb1afa28a9bb7a5994ed037e179d55230e31342a3,35aa442b72a0e70d,c(iii),tune,hybrid,1000,16,100,12300,0,counted,10274,,,1,,,6,True,True,exact_histogram+sum+squares+xor,True,50680,3389548,76,2bf2b0045e285e0fd20c5dca00e5d553681788f3628ceb9e454c06cf22f8aaa8,afacc96c61b086c82d8f1898f0150eb23fa9c5baeb4f3c0c32b514e3b948677c,29233152,3.13.6,Windows-11-10.0.26200-SP0,2026-09-13T10:54:49.397001+00:00
tune:1000:0:hybrid:4:counted,a7a39d252f9e751d19ea16dbb1afa28a9bb7a5994ed037e179d55230e31342a3,35aa442b72a0e70d,c(iii),tune,hybrid,1000,4,100,12300,0,counted,8770,,,1,,,7,True,True,exact_histogram+sum+squares+xor,True,50680,3389548,76,2bf2b0045e285e0fd20c5dca00e5d553681788f3628ceb9e454c06cf22f8aaa8,afacc96c61b086c82d8f1898f0150eb23fa9c5baeb4f3c0c32b514e3b948677c,29233152,3.13.6,Windows-11-10.0.26200-SP0,2026-09-13T10:54:49.403162+00:00
tune:1000:0:hybrid:16:timed,a7a39d252f9e751d19ea16dbb1afa28a9bb7a5994ed037e179d55230e31342a3,35aa442b72a0e70d,c(iii),tune,hybrid,1000,16,100,12300,0,timed,,0.00078125,0.0008485750004183501,20,0.015625,0.016971500008367002,8,True,True,exact_histogram+sum+squares+xor,True,50680,3389548,76,2bf2b0045e285e0fd20c5dca00e5d553681788f3628ceb9e454c06cf22f8aaa8,afacc96c61b086c82d8f1898f0150eb23fa9c5baeb4f3c0c32b514e3b948677c,29233152,3.13.6,Windows-11-10.0.26200-SP0,2026-09-13T10:54:49.426081+00:00
tune:1000:0:hybrid:32:timed,a7a39d252f9e751d19ea16dbb1afa28a9bb7a5994ed037e179d55230e31342a3,35aa442b72a0e70d,c(iii),tune,hybrid,1000,32,100,12300,0,timed,,0.00078125,0.0009660949988756328,20,0.015625,0.019321899977512658,9,True,True,exact_histogram+sum+squares+xor,True,50680,3389548,76,2bf2b0045e285e0fd20c5dca00e5d553681788f3628ceb9e454c06cf22f8aaa8,afacc96c61b086c82d8f1898f0150eb23fa9c5baeb4f3c0c32b514e3b948677c,29241344,3.13.6,Windows-11-10.0.26200-SP0,2026-09-13T10:54:49.450900+00:00
tune:1000:1:hybrid:16:counted,a7a39d252f9e751d19ea16dbb1afa28a9bb7a5994ed037e179d55230e31342a3,35aa442b72a0e70d,c(iii),tune,hybrid,1000,16,100,12301,1,counted,10345,,,1,,,0,True,True,exact_histogram+sum+squares+xor,True,50692,3385956,60,c46ebb65daa85c368b183963284e7c24a46606e5d999d58bf3ce89b59721daa8,d1ab16dde79ed81fee27e7358b83d24111e2fcc18ca84b1df0988de53e7b1a0e,29466624,3.13.6,Windows-11-10.0.26200-SP0,2026-09-13T10:54:49.464847+00:00
tune:1000:1:hybrid:32:counted,a7a39d252f9e751d19ea16dbb1afa28a9bb7a5994ed037e179d55230e31342a3,35aa442b72a0e70d,c(iii),tune,hybrid,1000,32,100,12301,1,counted,13287,,,1,,,1,True,True,exact_histogram+sum+squares+xor,True,50692,3385956,60,c46ebb65daa85c368b183963284e7c24a46606e5d999d58bf3ce89b59721daa8,d1ab16dde79ed81fee27e7358b83d24111e2fcc18ca84b1df0988de53e7b1a0e,29474816,3.13.6,Windows-11-10.0.26200-SP0,2026-09-13T10:54:49.471011+00:00
tune:1000:1:hybrid:16:timed,a7a39d252f9e751d19ea16dbb1afa28a9bb7a5994ed037e179d55230e31342a3,35aa442b72a0e70d,c(iii),tune,hybrid,1000,16,100,12301,1,timed,,0.0015625,0.000860520004061982,20,0.03125,0.01721040008123964,2,True,True,exact_histogram+sum+squares+xor,True,50692,3385956,60,c46ebb65daa85c368b183963284e7c24a46606e5d999d58bf3ce89b59721daa8,d1ab16dde79ed81fee27e7358b83d24111e2fcc18ca84b1df0988de53e7b1a0e,29478912,3.13.6,Windows-11-10.0.26200-SP0,2026-09-13T10:54:49.493250+00:00
tune:1000:1:hybrid:4:counted,a7a39d252f9e751d19ea16dbb1afa28a9bb7a5994ed037e179d55230e31342a3,35aa442b72a0e70d,c(iii),tune,hybrid,1000,4,100,12301,1,counted,8738,,,1,,,3,True,True,exact_histogram+sum+squares+xor,True,50692,3385956,60,c46ebb65daa85c368b183963284e7c24a46606e5d999d58bf3ce89b59721daa8,d1ab16dde79ed81fee27e7358b83d24111e2fcc18ca84b1df0988de53e7b1a0e,29478912,3.13.6,Windows-11-10.0.26200-SP0,2026-09-13T10:54:49.507462+00:00
tune:1000:1:hybrid:8:counted,a7a39d252f9e751d19ea16dbb1afa28a9bb7a5994ed037e179d55230e31342a3,35aa442b72a0e70d,c(iii),tune,hybrid,1000,8,100,12301,1,counted,9055,,,1,,,4,True,True,exact_histogram+sum+squares+xor,True,50692,3385956,60,c46ebb65daa85c368b183963284e7c24a46606e5d999d58bf3ce89b59721daa8,d1ab16dde79ed81fee27e7358b83d24111e2fcc18ca84b1df0988de53e7b1a0e,29478912,3.13.6,Windows-11-10.0.26200-SP0,2026-09-13T10:54:49.514238+00:00
tune:1000:1:hybrid:1:timed,a7a39d252f9e751d19ea16dbb1afa28a9bb7a5994ed037e179d55230e31342a3,35aa442b72a0e70d,c(iii),tune,hybrid,1000,1,100,12301,1,timed,,0.0015625,0.00127055500051938,20,0.03125,0.0254111000103876,5,True,True,exact_histogram+sum+squares+xor,True,50692,3385956,60,c46ebb65daa85c368b183963284e7c24a46606e5d999d58bf3ce89b59721daa8,d1ab16dde79ed81fee27e7358b83d24111e2fcc18ca84b1df0988de53e7b1a0e,29478912,3.13.6,Windows-11-10.0.26200-SP0,2026-09-13T10:54:49.545807+00:00
tune:1000:1:hybrid:1:counted,a7a39d252f9e751d19ea16dbb1afa28a9bb7a5994ed037e179d55230e31342a3,35aa442b72a0e70d,c(iii),tune,hybrid,1000,1,100,12301,1,counted,8669,,,1,,,6,True,True,exact_histogram+sum+squares+xor,True,50692,3385956,60,c46ebb65daa85c368b183963284e7c24a46606e5d999d58bf3ce89b59721daa8,d1ab16dde79ed81fee27e7358b83d24111e2fcc18ca84b1df0988de53e7b1a0e,29478912,3.13.6,Windows-11-10.0.26200-SP0,2026-09-13T10:54:49.554100+00:00
tune:1000:1:hybrid:8:timed,a7a39d252f9e751d19ea16dbb1afa28a9bb7a5994ed037e179d55230e31342a3,35aa442b72a0e70d,c(iii),tune,hybrid,1000,8,100,12301,1,timed,,0.00078125,0.0008116549986880272,20,0.015625,0.016233099973760545,7,True,True,exact_histogram+sum+squares+xor,True,50692,3385956,60,c46ebb65daa85c368b183963284e7c24a46606e5d999d58bf3ce89b59721daa8,d1ab16dde79ed81fee27e7358b83d24111e2fcc18ca84b1df0988de53e7b1a0e,29483008,3.13.6,Windows-11-10.0.26200-SP0,2026-09-13T10:54:49.576182+00:00
tune:1000:1:hybrid:32:timed,a7a39d252f9e751d19ea16dbb1afa28a9bb7a5994ed037e179d55230e31342a3,35aa442b72a0e70d,c(iii),tune,hybrid,1000,32,100,12301,1,timed,,0.0015625,0.0010014300001785158,20,0.03125,0.020028600003570318,8,True,True,exact_histogram+sum+squares+xor,True,50692,3385956,60,c46ebb65daa85c368b183963284e7c24a46606e5d999d58bf3ce89b59721daa8,d1ab16dde79ed81fee27e7358b83d24111e2fcc18ca84b1df0988de53e7b1a0e,29483008,3.13.6,Windows-11-10.0.26200-SP0,2026-09-13T10:54:49.603135+00:00
tune:1000:1:hybrid:4:timed,a7a39d252f9e751d19ea16dbb1afa28a9bb7a5994ed037e179d55230e31342a3,35aa442b72a0e70d,c(iii),tune,hybrid,1000,4,100,12301,1,timed,,0.0015625,0.0009201749984640628,20,0.03125,0.018403499969281256,9,True,True,exact_histogram+sum+squares+xor,True,50692,3385956,60,c46ebb65daa85c368b183963284e7c24a46606e5d999d58bf3ce89b59721daa8,d1ab16dde79ed81fee27e7358b83d24111e2fcc18ca84b1df0988de53e7b1a0e,29483008,3.13.6,Windows-11-10.0.26200-SP0,2026-09-13T10:54:49.634660+00:00
tune:1000:2:hybrid:4:timed,a7a39d252f9e751d19ea16dbb1afa28a9bb7a5994ed037e179d55230e31342a3,35aa442b72a0e70d,c(iii),tune,hybrid,1000,4,100,12302,2,timed,,0.00078125,0.0009607850050088018,20,0.015625,0.019215700100176036,0,True,True,exact_histogram+sum+squares+xor,True,49405,3301271,7,da5baef80db06098989d75eeea1694a1fd8bc75f7e5c62ef7306173a103a12ff,ce38ee501a9326108e12068f7cb7f6282d071783dce60a35a03127071804f47a,29523968,3.13.6,Windows-11-10.0.26200-SP0,2026-09-13T10:54:49.661797+00:00
tune:1000:2:hybrid:16:counted,a7a39d252f9e751d19ea16dbb1afa28a9bb7a5994ed037e179d55230e31342a3,35aa442b72a0e70d,c(iii),tune,hybrid,1000,16,100,12302,2,counted,10374,,,1,,,1,True,True,exact_histogram+sum+squares+xor,True,49405,3301271,7,da5baef80db06098989d75eeea1694a1fd8bc75f7e5c62ef7306173a103a12ff,ce38ee501a9326108e12068f7cb7f6282d071783dce60a35a03127071804f47a,29532160,3.13.6,Windows-11-10.0.26200-SP0,2026-09-13T10:54:49.677760+00:00
tune:1000:2:hybrid:16:timed,a7a39d252f9e751d19ea16dbb1afa28a9bb7a5994ed037e179d55230e31342a3,35aa442b72a0e70d,c(iii),tune,hybrid,1000,16,100,12302,2,timed,,0.0015625,0.0013809100026264786,20,0.03125,0.027618200052529573,2,True,True,exact_histogram+sum+squares+xor,True,49405,3301271,7,da5baef80db06098989d75eeea1694a1fd8bc75f7e5c62ef7306173a103a12ff,ce38ee501a9326108e12068f7cb7f6282d071783dce60a35a03127071804f47a,29540352,3.13.6,Windows-11-10.0.26200-SP0,2026-09-13T10:54:49.715721+00:00
tune:1000:2:hybrid:4:counted,a7a39d252f9e751d19ea16dbb1afa28a9bb7a5994ed037e179d55230e31342a3,35aa442b72a0e70d,c(iii),tune,hybrid,1000,4,100,12302,2,counted,8750,,,1,,,3,True,True,exact_histogram+sum+squares+xor,True,49405,3301271,7,da5baef80db06098989d75eeea1694a1fd8bc75f7e5c62ef7306173a103a12ff,ce38ee501a9326108e12068f7cb7f6282d071783dce60a35a03127071804f47a,29540352,3.13.6,Windows-11-10.0.26200-SP0,2026-09-13T10:54:49.724023+00:00
tune:1000:2:hybrid:8:timed,a7a39d252f9e751d19ea16dbb1afa28a9bb7a5994ed037e179d55230e31342a3,35aa442b72a0e70d,c(iii),tune,hybrid,1000,8,100,12302,2,timed,,0.0015625,0.0014477699995040893,20,0.03125,0.028955399990081787,4,True,True,exact_histogram+sum+squares+xor,True,49405,3301271,7,da5baef80db06098989d75eeea1694a1fd8bc75f7e5c62ef7306173a103a12ff,ce38ee501a9326108e12068f7cb7f6282d071783dce60a35a03127071804f47a,29544448,3.13.6,Windows-11-10.0.26200-SP0,2026-09-13T10:54:49.761264+00:00
tune:1000:2:hybrid:32:counted,a7a39d252f9e751d19ea16dbb1afa28a9bb7a5994ed037e179d55230e31342a3,35aa442b72a0e70d,c(iii),tune,hybrid,1000,32,100,12302,2,counted,13486,,,1,,,5,True,True,exact_histogram+sum+squares+xor,True,49405,3301271,7,da5baef80db06098989d75eeea1694a1fd8bc75f7e5c62ef7306173a103a12ff,ce38ee501a9326108e12068f7cb7f6282d071783dce60a35a03127071804f47a,29548544,3.13.6,Windows-11-10.0.26200-SP0,2026-09-13T10:54:49.770405+00:00
tune:1000:2:hybrid:8:counted,a7a39d252f9e751d19ea16dbb1afa28a9bb7a5994ed037e179d55230e31342a3,35aa442b72a0e70d,c(iii),tune,hybrid,1000,8,100,12302,2,counted,9141,,,1,,,6,True,True,exact_histogram+sum+squares+xor,True,49405,3301271,7,da5baef80db06098989d75eeea1694a1fd8bc75f7e5c62ef7306173a103a12ff,ce38ee501a9326108e12068f7cb7f6282d071783dce60a35a03127071804f47a,29548544,3.13.6,Windows-11-10.0.26200-SP0,2026-09-13T10:54:49.779317+00:00
tune:1000:2:hybrid:32:timed,a7a39d252f9e751d19ea16dbb1afa28a9bb7a5994ed037e179d55230e31342a3,35aa442b72a0e70d,c(iii),tune,hybrid,1000,32,100,12302,2,timed,,0.00234375,0.0021434950002003463,20,0.046875,0.04286990000400692,7,True,True,exact_histogram+sum+squares+xor,True,49405,3301271,7,da5baef80db06098989d75eeea1694a1fd8bc75f7e5c62ef7306173a103a12ff,ce38ee501a9326108e12068f7cb7f6282d071783dce60a35a03127071804f47a,29552640,3.13.6,Windows-11-10.0.26200-SP0,2026-09-13T10:54:49.831581+00:00
tune:1000:2:hybrid:1:timed,a7a39d252f9e751d19ea16dbb1afa28a9bb7a5994ed037e179d55230e31342a3,35aa442b72a0e70d,c(iii),tune,hybrid,1000,1,100,12302,2,timed,,0.0015625,0.002017605002038181,20,0.03125,0.04035210004076362,8,True,True,exact_histogram+sum+squares+xor,True,49405,3301271,7,da5baef80db06098989d75eeea1694a1fd8bc75f7e5c62ef7306173a103a12ff,ce38ee501a9326108e12068f7cb7f6282d071783dce60a35a03127071804f47a,29552640,3.13.6,Windows-11-10.0.26200-SP0,2026-09-13T10:54:49.879569+00:00
tune:1000:2:hybrid:1:counted,a7a39d252f9e751d19ea16dbb1afa28a9bb7a5994ed037e179d55230e31342a3,35aa442b72a0e70d,c(iii),tune,hybrid,1000,1,100,12302,2,counted,8709,,,1,,,9,True,True,exact_histogram+sum+squares+xor,True,49405,3301271,7,da5baef80db06098989d75eeea1694a1fd8bc75f7e5c62ef7306173a103a12ff,ce38ee501a9326108e12068f7cb7f6282d071783dce60a35a03127071804f47a,29552640,3.13.6,Windows-11-10.0.26200-SP0,2026-09-13T10:54:49.892904+00:00
tune:3000:0:hybrid:32:counted,a7a39d252f9e751d19ea16dbb1afa28a9bb7a5994ed037e179d55230e31342a3,35aa442b72a0e70d,c(ii)+c(iii),tune,hybrid,3000,32,100,32300,0,counted,39693,,,1,,,0,True,True,exact_histogram+sum+squares+xor,True,153946,10413924,98,7b005b3c569bea0421db22a3e2f062640564bf842632d57c85e97aa0940f62bf,59a5cebabfea291affc5235a7675d401e974038269fb72096c34beca90f59ddd,29646848,3.13.6,Windows-11-10.0.26200-SP0,2026-09-13T10:54:49.908772+00:00
tune:3000:0:hybrid:8:timed,a7a39d252f9e751d19ea16dbb1afa28a9bb7a5994ed037e179d55230e31342a3,35aa442b72a0e70d,c(ii)+c(iii),tune,hybrid,3000,8,100,32300,0,timed,,0.0026041666666666665,0.0050021833352123695,6,0.015625,0.03001310001127422,1,True,True,exact_histogram+sum+squares+xor,True,153946,10413924,98,7b005b3c569bea0421db22a3e2f062640564bf842632d57c85e97aa0940f62bf,59a5cebabfea291affc5235a7675d401e974038269fb72096c34beca90f59ddd,29716480,3.13.6,Windows-11-10.0.26200-SP0,2026-09-13T10:54:49.946990+00:00
tune:3000:0:hybrid:8:counted,a7a39d252f9e751d19ea16dbb1afa28a9bb7a5994ed037e179d55230e31342a3,35aa442b72a0e70d,c(ii)+c(iii),tune,hybrid,3000,8,100,32300,0,counted,31355,,,1,,,2,True,True,exact_histogram+sum+squares+xor,True,153946,10413924,98,7b005b3c569bea0421db22a3e2f062640564bf842632d57c85e97aa0940f62bf,59a5cebabfea291affc5235a7675d401e974038269fb72096c34beca90f59ddd,29716480,3.13.6,Windows-11-10.0.26200-SP0,2026-09-13T10:54:49.960554+00:00
tune:3000:0:hybrid:16:counted,a7a39d252f9e751d19ea16dbb1afa28a9bb7a5994ed037e179d55230e31342a3,35aa442b72a0e70d,c(ii)+c(iii),tune,hybrid,3000,16,100,32300,0,counted,33541,,,1,,,3,True,True,exact_histogram+sum+squares+xor,True,153946,10413924,98,7b005b3c569bea0421db22a3e2f062640564bf842632d57c85e97aa0940f62bf,59a5cebabfea291affc5235a7675d401e974038269fb72096c34beca90f59ddd,29720576,3.13.6,Windows-11-10.0.26200-SP0,2026-09-13T10:54:49.975194+00:00
tune:3000:0:hybrid:4:counted,a7a39d252f9e751d19ea16dbb1afa28a9bb7a5994ed037e179d55230e31342a3,35aa442b72a0e70d,c(ii)+c(iii),tune,hybrid,3000,4,100,32300,0,counted,30807,,,1,,,4,True,True,exact_histogram+sum+squares+xor,True,153946,10413924,98,7b005b3c569bea0421db22a3e2f062640564bf842632d57c85e97aa0940f62bf,59a5cebabfea291affc5235a7675d401e974038269fb72096c34beca90f59ddd,29724672,3.13.6,Windows-11-10.0.26200-SP0,2026-09-13T10:54:49.989524+00:00
tune:3000:0:hybrid:1:timed,a7a39d252f9e751d19ea16dbb1afa28a9bb7a5994ed037e179d55230e31342a3,35aa442b72a0e70d,c(ii)+c(iii),tune,hybrid,3000,1,100,32300,0,timed,,0.005208333333333333,0.007123399991542101,6,0.03125,0.042740399949252605,5,True,True,exact_histogram+sum+squares+xor,True,153946,10413924,98,7b005b3c569bea0421db22a3e2f062640564bf842632d57c85e97aa0940f62bf,59a5cebabfea291affc5235a7675d401e974038269fb72096c34beca90f59ddd,29724672,3.13.6,Windows-11-10.0.26200-SP0,2026-09-13T10:54:50.040921+00:00
tune:3000:0:hybrid:1:counted,a7a39d252f9e751d19ea16dbb1afa28a9bb7a5994ed037e179d55230e31342a3,35aa442b72a0e70d,c(ii)+c(iii),tune,hybrid,3000,1,100,32300,0,counted,30809,,,1,,,6,True,True,exact_histogram+sum+squares+xor,True,153946,10413924,98,7b005b3c569bea0421db22a3e2f062640564bf842632d57c85e97aa0940f62bf,59a5cebabfea291affc5235a7675d401e974038269fb72096c34beca90f59ddd,29724672,3.13.6,Windows-11-10.0.26200-SP0,2026-09-13T10:54:50.056757+00:00
tune:3000:0:hybrid:4:timed,a7a39d252f9e751d19ea16dbb1afa28a9bb7a5994ed037e179d55230e31342a3,35aa442b72a0e70d,c(ii)+c(iii),tune,hybrid,3000,4,100,32300,0,timed,,0.005208333333333333,0.005645733346076061,6,0.03125,0.03387440007645637,7,True,True,exact_histogram+sum+squares+xor,True,153946,10413924,98,7b005b3c569bea0421db22a3e2f062640564bf842632d57c85e97aa0940f62bf,59a5cebabfea291affc5235a7675d401e974038269fb72096c34beca90f59ddd,29724672,3.13.6,Windows-11-10.0.26200-SP0,2026-09-13T10:54:50.100217+00:00
tune:3000:0:hybrid:32:timed,a7a39d252f9e751d19ea16dbb1afa28a9bb7a5994ed037e179d55230e31342a3,35aa442b72a0e70d,c(ii)+c(iii),tune,hybrid,3000,32,100,32300,0,timed,,0.005208333333333333,0.005286550013503681,6,0.03125,0.031719300081022084,8,True,True,exact_histogram+sum+squares+xor,True,153946,10413924,98,7b005b3c569bea0421db22a3e2f062640564bf842632d57c85e97aa0940f62bf,59a5cebabfea291affc5235a7675d401e974038269fb72096c34beca90f59ddd,29724672,3.13.6,Windows-11-10.0.26200-SP0,2026-09-13T10:54:50.141841+00:00
tune:3000:0:hybrid:16:timed,a7a39d252f9e751d19ea16dbb1afa28a9bb7a5994ed037e179d55230e31342a3,35aa442b72a0e70d,c(ii)+c(iii),tune,hybrid,3000,16,100,32300,0,timed,,0.005208333333333333,0.004755566653329879,6,0.03125,0.028533399919979274,9,True,True,exact_histogram+sum+squares+xor,True,153946,10413924,98,7b005b3c569bea0421db22a3e2f062640564bf842632d57c85e97aa0940f62bf,59a5cebabfea291affc5235a7675d401e974038269fb72096c34beca90f59ddd,29724672,3.13.6,Windows-11-10.0.26200-SP0,2026-09-13T10:54:50.179458+00:00
tune:3000:1:hybrid:32:timed,a7a39d252f9e751d19ea16dbb1afa28a9bb7a5994ed037e179d55230e31342a3,35aa442b72a0e70d,c(ii)+c(iii),tune,hybrid,3000,32,100,32301,1,timed,,0.005208333333333333,0.005144583332973222,6,0.03125,0.03086749999783933,0,True,True,exact_histogram+sum+squares+xor,True,149077,9818553,53,84a0143e3b2849a0d57ae6b4844ebc601ce7ec586fee68ced932206b6e7e3e6c,28d3272f8b8bcdb09daa4e3f4f0608aa930493ff7abba871b47ef6a0d3e1bf9f,29728768,3.13.6,Windows-11-10.0.26200-SP0,2026-09-13T10:54:50.221893+00:00
tune:3000:1:hybrid:8:timed,a7a39d252f9e751d19ea16dbb1afa28a9bb7a5994ed037e179d55230e31342a3,35aa442b72a0e70d,c(ii)+c(iii),tune,hybrid,3000,8,100,32301,1,timed,,0.005208333333333333,0.005101816670503467,6,0.03125,0.030610900023020804,1,True,True,exact_histogram+sum+squares+xor,True,149077,9818553,53,84a0143e3b2849a0d57ae6b4844ebc601ce7ec586fee68ced932206b6e7e3e6c,28d3272f8b8bcdb09daa4e3f4f0608aa930493ff7abba871b47ef6a0d3e1bf9f,29732864,3.13.6,Windows-11-10.0.26200-SP0,2026-09-13T10:54:50.262139+00:00
tune:3000:1:hybrid:4:timed,a7a39d252f9e751d19ea16dbb1afa28a9bb7a5994ed037e179d55230e31342a3,35aa442b72a0e70d,c(ii)+c(iii),tune,hybrid,3000,4,100,32301,1,timed,,0.005208333333333333,0.005320183331302057,6,0.03125,0.03192109998781234,2,True,True,exact_histogram+sum+squares+xor,True,149077,9818553,53,84a0143e3b2849a0d57ae6b4844ebc601ce7ec586fee68ced932206b6e7e3e6c,28d3272f8b8bcdb09daa4e3f4f0608aa930493ff7abba871b47ef6a0d3e1bf9f,29732864,3.13.6,Windows-11-10.0.26200-SP0,2026-09-13T10:54:50.303430+00:00
tune:3000:1:hybrid:4:counted,a7a39d252f9e751d19ea16dbb1afa28a9bb7a5994ed037e179d55230e31342a3,35aa442b72a0e70d,c(ii)+c(iii),tune,hybrid,3000,4,100,32301,1,counted,30891,,,1,,,3,True,True,exact_histogram+sum+squares+xor,True,149077,9818553,53,84a0143e3b2849a0d57ae6b4844ebc601ce7ec586fee68ced932206b6e7e3e6c,28d3272f8b8bcdb09daa4e3f4f0608aa930493ff7abba871b47ef6a0d3e1bf9f,29736960,3.13.6,Windows-11-10.0.26200-SP0,2026-09-13T10:54:50.318533+00:00
tune:3000:1:hybrid:1:counted,a7a39d252f9e751d19ea16dbb1afa28a9bb7a5994ed037e179d55230e31342a3,35aa442b72a0e70d,c(ii)+c(iii),tune,hybrid,3000,1,100,32301,1,counted,30849,,,1,,,4,True,True,exact_histogram+sum+squares+xor,True,149077,9818553,53,84a0143e3b2849a0d57ae6b4844ebc601ce7ec586fee68ced932206b6e7e3e6c,28d3272f8b8bcdb09daa4e3f4f0608aa930493ff7abba871b47ef6a0d3e1bf9f,29741056,3.13.6,Windows-11-10.0.26200-SP0,2026-09-13T10:54:50.334658+00:00
tune:3000:1:hybrid:1:timed,a7a39d252f9e751d19ea16dbb1afa28a9bb7a5994ed037e179d55230e31342a3,35aa442b72a0e70d,c(ii)+c(iii),tune,hybrid,3000,1,100,32301,1,timed,,0.005208333333333333,0.007043666671961546,6,0.03125,0.042262000031769276,5,True,True,exact_histogram+sum+squares+xor,True,149077,9818553,53,84a0143e3b2849a0d57ae6b4844ebc601ce7ec586fee68ced932206b6e7e3e6c,28d3272f8b8bcdb09daa4e3f4f0608aa930493ff7abba871b47ef6a0d3e1bf9f,29741056,3.13.6,Windows-11-10.0.26200-SP0,2026-09-13T10:54:50.384749+00:00
tune:3000:1:hybrid:32:counted,a7a39d252f9e751d19ea16dbb1afa28a9bb7a5994ed037e179d55230e31342a3,35aa442b72a0e70d,c(ii)+c(iii),tune,hybrid,3000,32,100,32301,1,counted,40278,,,1,,,6,True,True,exact_histogram+sum+squares+xor,True,149077,9818553,53,84a0143e3b2849a0d57ae6b4844ebc601ce7ec586fee68ced932206b6e7e3e6c,28d3272f8b8bcdb09daa4e3f4f0608aa930493ff7abba871b47ef6a0d3e1bf9f,29741056,3.13.6,Windows-11-10.0.26200-SP0,2026-09-13T10:54:50.400547+00:00
tune:3000:1:hybrid:16:counted,a7a39d252f9e751d19ea16dbb1afa28a9bb7a5994ed037e179d55230e31342a3,35aa442b72a0e70d,c(ii)+c(iii),tune,hybrid,3000,16,100,32301,1,counted,33736,,,1,,,7,True,True,exact_histogram+sum+squares+xor,True,149077,9818553,53,84a0143e3b2849a0d57ae6b4844ebc601ce7ec586fee68ced932206b6e7e3e6c,28d3272f8b8bcdb09daa4e3f4f0608aa930493ff7abba871b47ef6a0d3e1bf9f,29741056,3.13.6,Windows-11-10.0.26200-SP0,2026-09-13T10:54:50.415581+00:00
tune:3000:1:hybrid:16:timed,a7a39d252f9e751d19ea16dbb1afa28a9bb7a5994ed037e179d55230e31342a3,35aa442b72a0e70d,c(ii)+c(iii),tune,hybrid,3000,16,100,32301,1,timed,,0.005208333333333333,0.004884683333026866,6,0.03125,0.029308099998161197,8,True,True,exact_histogram+sum+squares+xor,True,149077,9818553,53,84a0143e3b2849a0d57ae6b4844ebc601ce7ec586fee68ced932206b6e7e3e6c,28d3272f8b8bcdb09daa4e3f4f0608aa930493ff7abba871b47ef6a0d3e1bf9f,29741056,3.13.6,Windows-11-10.0.26200-SP0,2026-09-13T10:54:50.453943+00:00
tune:3000:1:hybrid:8:counted,a7a39d252f9e751d19ea16dbb1afa28a9bb7a5994ed037e179d55230e31342a3,35aa442b72a0e70d,c(ii)+c(iii),tune,hybrid,3000,8,100,32301,1,counted,31499,,,1,,,9,True,True,exact_histogram+sum+squares+xor,True,149077,9818553,53,84a0143e3b2849a0d57ae6b4844ebc601ce7ec586fee68ced932206b6e7e3e6c,28d3272f8b8bcdb09daa4e3f4f0608aa930493ff7abba871b47ef6a0d3e1bf9f,29745152,3.13.6,Windows-11-10.0.26200-SP0,2026-09-13T10:54:50.468075+00:00
tune:3000:2:hybrid:8:timed,a7a39d252f9e751d19ea16dbb1afa28a9bb7a5994ed037e179d55230e31342a3,35aa442b72a0e70d,c(ii)+c(iii),tune,hybrid,3000,8,100,32302,2,timed,,0.005208333333333333,0.0048414666671305895,6,0.03125,0.029048800002783537,0,True,True,exact_histogram+sum+squares+xor,True,150026,9990004,110,a855873918d2dbaa320794d72d73b5cc5d40dcfc921a349ce4d9e28314edc746,b769bcbdcf0129e80efb3efdaac8a709017935103bbd88620fa84263402a165e,29749248,3.13.6,Windows-11-10.0.26200-SP0,2026-09-13T10:54:50.507904+00:00
tune:3000:2:hybrid:4:counted,a7a39d252f9e751d19ea16dbb1afa28a9bb7a5994ed037e179d55230e31342a3,35aa442b72a0e70d,c(ii)+c(iii),tune,hybrid,3000,4,100,32302,2,counted,30913,,,1,,,1,True,True,exact_histogram+sum+squares+xor,True,150026,9990004,110,a855873918d2dbaa320794d72d73b5cc5d40dcfc921a349ce4d9e28314edc746,b769bcbdcf0129e80efb3efdaac8a709017935103bbd88620fa84263402a165e,29753344,3.13.6,Windows-11-10.0.26200-SP0,2026-09-13T10:54:50.521835+00:00
tune:3000:2:hybrid:4:timed,a7a39d252f9e751d19ea16dbb1afa28a9bb7a5994ed037e179d55230e31342a3,35aa442b72a0e70d,c(ii)+c(iii),tune,hybrid,3000,4,100,32302,2,timed,,0.005208333333333333,0.005733366667603453,6,0.03125,0.03440020000562072,2,True,True,exact_histogram+sum+squares+xor,True,150026,9990004,110,a855873918d2dbaa320794d72d73b5cc5d40dcfc921a349ce4d9e28314edc746,b769bcbdcf0129e80efb3efdaac8a709017935103bbd88620fa84263402a165e,29814784,3.13.6,Windows-11-10.0.26200-SP0,2026-09-13T10:54:50.566405+00:00
tune:3000:2:hybrid:16:counted,a7a39d252f9e751d19ea16dbb1afa28a9bb7a5994ed037e179d55230e31342a3,35aa442b72a0e70d,c(ii)+c(iii),tune,hybrid,3000,16,100,32302,2,counted,33716,,,1,,,3,True,True,exact_histogram+sum+squares+xor,True,150026,9990004,110,a855873918d2dbaa320794d72d73b5cc5d40dcfc921a349ce4d9e28314edc746,b769bcbdcf0129e80efb3efdaac8a709017935103bbd88620fa84263402a165e,29814784,3.13.6,Windows-11-10.0.26200-SP0,2026-09-13T10:54:50.579722+00:00
tune:3000:2:hybrid:1:timed,a7a39d252f9e751d19ea16dbb1afa28a9bb7a5994ed037e179d55230e31342a3,35aa442b72a0e70d,c(ii)+c(iii),tune,hybrid,3000,1,100,32302,2,timed,,0.005208333333333333,0.006615950008078168,6,0.03125,0.03969570004846901,4,True,True,exact_histogram+sum+squares+xor,True,150026,9990004,110,a855873918d2dbaa320794d72d73b5cc5d40dcfc921a349ce4d9e28314edc746,b769bcbdcf0129e80efb3efdaac8a709017935103bbd88620fa84263402a165e,29814784,3.13.6,Windows-11-10.0.26200-SP0,2026-09-13T10:54:50.628744+00:00
tune:3000:2:hybrid:32:timed,a7a39d252f9e751d19ea16dbb1afa28a9bb7a5994ed037e179d55230e31342a3,35aa442b72a0e70d,c(ii)+c(iii),tune,hybrid,3000,32,100,32302,2,timed,,0.005208333333333333,0.004881266659746568,6,0.03125,0.029287599958479404,5,True,True,exact_histogram+sum+squares+xor,True,150026,9990004,110,a855873918d2dbaa320794d72d73b5cc5d40dcfc921a349ce4d9e28314edc746,b769bcbdcf0129e80efb3efdaac8a709017935103bbd88620fa84263402a165e,29814784,3.13.6,Windows-11-10.0.26200-SP0,2026-09-13T10:54:50.667104+00:00
tune:3000:2:hybrid:8:counted,a7a39d252f9e751d19ea16dbb1afa28a9bb7a5994ed037e179d55230e31342a3,35aa442b72a0e70d,c(ii)+c(iii),tune,hybrid,3000,8,100,32302,2,counted,31519,,,1,,,6,True,True,exact_histogram+sum+squares+xor,True,150026,9990004,110,a855873918d2dbaa320794d72d73b5cc5d40dcfc921a349ce4d9e28314edc746,b769bcbdcf0129e80efb3efdaac8a709017935103bbd88620fa84263402a165e,29818880,3.13.6,Windows-11-10.0.26200-SP0,2026-09-13T10:54:50.684736+00:00
tune:3000:2:hybrid:32:counted,a7a39d252f9e751d19ea16dbb1afa28a9bb7a5994ed037e179d55230e31342a3,35aa442b72a0e70d,c(ii)+c(iii),tune,hybrid,3000,32,100,32302,2,counted,39816,,,1,,,7,True,True,exact_histogram+sum+squares+xor,True,150026,9990004,110,a855873918d2dbaa320794d72d73b5cc5d40dcfc921a349ce4d9e28314edc746,b769bcbdcf0129e80efb3efdaac8a709017935103bbd88620fa84263402a165e,29822976,3.13.6,Windows-11-10.0.26200-SP0,2026-09-13T10:54:50.700424+00:00
tune:3000:2:hybrid:16:timed,a7a39d252f9e751d19ea16dbb1afa28a9bb7a5994ed037e179d55230e31342a3,35aa442b72a0e70d,c(ii)+c(iii),tune,hybrid,3000,16,100,32302,2,timed,,0.005208333333333333,0.00663785000021259,6,0.03125,0.03982710000127554,8,True,True,exact_histogram+sum+squares+xor,True,150026,9990004,110,a855873918d2dbaa320794d72d73b5cc5d40dcfc921a349ce4d9e28314edc746,b769bcbdcf0129e80efb3efdaac8a709017935103bbd88620fa84263402a165e,29822976,3.13.6,Windows-11-10.0.26200-SP0,2026-09-13T10:54:50.748070+00:00
tune:3000:2:hybrid:1:counted,a7a39d252f9e751d19ea16dbb1afa28a9bb7a5994ed037e179d55230e31342a3,35aa442b72a0e70d,c(ii)+c(iii),tune,hybrid,3000,1,100,32302,2,counted,30885,,,1,,,9,True,True,exact_histogram+sum+squares+xor,True,150026,9990004,110,a855873918d2dbaa320794d72d73b5cc5d40dcfc921a349ce4d9e28314edc746,b769bcbdcf0129e80efb3efdaac8a709017935103bbd88620fa84263402a165e,29822976,3.13.6,Windows-11-10.0.26200-SP0,2026-09-13T10:54:50.767890+00:00
confirm:10000:0:hybrid:4:timed,a7a39d252f9e751d19ea16dbb1afa28a9bb7a5994ed037e179d55230e31342a3,35aa442b72a0e70d,c(iii)-confirmation,confirm,hybrid,10000,4,100,103400,0,timed,,0.0234375,0.02155785000650212,2,0.046875,0.04311570001300424,0,True,True,exact_histogram+sum+squares+xor,True,509689,34317245,21,002fe113b2578e1ef0295411b719a7263a1ee97e6bb7bdf14872313970d9d491,5447f638b330814ec5936d391c68cd067d73cc97db99bc3fcd9ce43eeb740a22,30081024,3.13.6,Windows-11-10.0.26200-SP0,2026-09-13T10:54:50.837700+00:00
confirm:10000:0:hybrid:8:counted,a7a39d252f9e751d19ea16dbb1afa28a9bb7a5994ed037e179d55230e31342a3,35aa442b72a0e70d,c(iii)-confirmation,confirm,hybrid,10000,8,100,103400,0,counted,121186,,,1,,,1,True,True,exact_histogram+sum+squares+xor,True,509689,34317245,21,002fe113b2578e1ef0295411b719a7263a1ee97e6bb7bdf14872313970d9d491,5447f638b330814ec5936d391c68cd067d73cc97db99bc3fcd9ce43eeb740a22,30081024,3.13.6,Windows-11-10.0.26200-SP0,2026-09-13T10:54:50.883361+00:00
confirm:10000:0:hybrid:4:counted,a7a39d252f9e751d19ea16dbb1afa28a9bb7a5994ed037e179d55230e31342a3,35aa442b72a0e70d,c(iii)-confirmation,confirm,hybrid,10000,4,100,103400,0,counted,120221,,,1,,,2,True,True,exact_histogram+sum+squares+xor,True,509689,34317245,21,002fe113b2578e1ef0295411b719a7263a1ee97e6bb7bdf14872313970d9d491,5447f638b330814ec5936d391c68cd067d73cc97db99bc3fcd9ce43eeb740a22,30085120,3.13.6,Windows-11-10.0.26200-SP0,2026-09-13T10:54:50.919180+00:00
confirm:10000:0:hybrid:1:timed,a7a39d252f9e751d19ea16dbb1afa28a9bb7a5994ed037e179d55230e31342a3,35aa442b72a0e70d,c(iii)-confirmation,confirm,hybrid,10000,1,100,103400,0,timed,,0.0234375,0.02369540004292503,2,0.046875,0.04739080008585006,3,True,True,exact_histogram+sum+squares+xor,True,509689,34317245,21,002fe113b2578e1ef0295411b719a7263a1ee97e6bb7bdf14872313970d9d491,5447f638b330814ec5936d391c68cd067d73cc97db99bc3fcd9ce43eeb740a22,30085120,3.13.6,Windows-11-10.0.26200-SP0,2026-09-13T10:54:50.977320+00:00
confirm:10000:0:hybrid:1:counted,a7a39d252f9e751d19ea16dbb1afa28a9bb7a5994ed037e179d55230e31342a3,35aa442b72a0e70d,c(iii)-confirmation,confirm,hybrid,10000,1,100,103400,0,counted,120218,,,1,,,4,True,True,exact_histogram+sum+squares+xor,True,509689,34317245,21,002fe113b2578e1ef0295411b719a7263a1ee97e6bb7bdf14872313970d9d491,5447f638b330814ec5936d391c68cd067d73cc97db99bc3fcd9ce43eeb740a22,30085120,3.13.6,Windows-11-10.0.26200-SP0,2026-09-13T10:54:51.017560+00:00
confirm:10000:0:hybrid:8:timed,a7a39d252f9e751d19ea16dbb1afa28a9bb7a5994ed037e179d55230e31342a3,35aa442b72a0e70d,c(iii)-confirmation,confirm,hybrid,10000,8,100,103400,0,timed,,0.015625,0.021031149954069406,2,0.03125,0.04206229990813881,5,True,True,exact_histogram+sum+squares+xor,True,509689,34317245,21,002fe113b2578e1ef0295411b719a7263a1ee97e6bb7bdf14872313970d9d491,5447f638b330814ec5936d391c68cd067d73cc97db99bc3fcd9ce43eeb740a22,30089216,3.13.6,Windows-11-10.0.26200-SP0,2026-09-13T10:54:51.070878+00:00
confirm:10000:1:hybrid:1:counted,a7a39d252f9e751d19ea16dbb1afa28a9bb7a5994ed037e179d55230e31342a3,35aa442b72a0e70d,c(iii)-confirmation,confirm,hybrid,10000,1,100,103401,1,counted,120035,,,1,,,0,True,True,exact_histogram+sum+squares+xor,True,505388,33931758,86,b39337e85209f490bf876d1e824af7b9ec4ac838a1df2f4d11c6b0a04a050b16,6a23bea9a5d6ffb3a6ea8034f9a08fec0048d8a5b40a18924dd85c8e47fecfa8,30089216,3.13.6,Windows-11-10.0.26200-SP0,2026-09-13T10:54:51.117999+00:00
confirm:10000:1:hybrid:8:counted,a7a39d252f9e751d19ea16dbb1afa28a9bb7a5994ed037e179d55230e31342a3,35aa442b72a0e70d,c(iii)-confirmation,confirm,hybrid,10000,8,100,103401,1,counted,121039,,,1,,,1,True,True,exact_histogram+sum+squares+xor,True,505388,33931758,86,b39337e85209f490bf876d1e824af7b9ec4ac838a1df2f4d11c6b0a04a050b16,6a23bea9a5d6ffb3a6ea8034f9a08fec0048d8a5b40a18924dd85c8e47fecfa8,30089216,3.13.6,Windows-11-10.0.26200-SP0,2026-09-13T10:54:51.150750+00:00
confirm:10000:1:hybrid:4:counted,a7a39d252f9e751d19ea16dbb1afa28a9bb7a5994ed037e179d55230e31342a3,35aa442b72a0e70d,c(iii)-confirmation,confirm,hybrid,10000,4,100,103401,1,counted,120131,,,1,,,2,True,True,exact_histogram+sum+squares+xor,True,505388,33931758,86,b39337e85209f490bf876d1e824af7b9ec4ac838a1df2f4d11c6b0a04a050b16,6a23bea9a5d6ffb3a6ea8034f9a08fec0048d8a5b40a18924dd85c8e47fecfa8,30089216,3.13.6,Windows-11-10.0.26200-SP0,2026-09-13T10:54:51.186664+00:00
confirm:10000:1:hybrid:8:timed,a7a39d252f9e751d19ea16dbb1afa28a9bb7a5994ed037e179d55230e31342a3,35aa442b72a0e70d,c(iii)-confirmation,confirm,hybrid,10000,8,100,103401,1,timed,,0.0234375,0.0194906999822706,2,0.046875,0.0389813999645412,3,True,True,exact_histogram+sum+squares+xor,True,505388,33931758,86,b39337e85209f490bf876d1e824af7b9ec4ac838a1df2f4d11c6b0a04a050b16,6a23bea9a5d6ffb3a6ea8034f9a08fec0048d8a5b40a18924dd85c8e47fecfa8,30089216,3.13.6,Windows-11-10.0.26200-SP0,2026-09-13T10:54:51.236252+00:00
confirm:10000:1:hybrid:4:timed,a7a39d252f9e751d19ea16dbb1afa28a9bb7a5994ed037e179d55230e31342a3,35aa442b72a0e70d,c(iii)-confirmation,confirm,hybrid,10000,4,100,103401,1,timed,,0.015625,0.02130119997309521,2,0.03125,0.04260239994619042,4,True,True,exact_histogram+sum+squares+xor,True,505388,33931758,86,b39337e85209f490bf876d1e824af7b9ec4ac838a1df2f4d11c6b0a04a050b16,6a23bea9a5d6ffb3a6ea8034f9a08fec0048d8a5b40a18924dd85c8e47fecfa8,30089216,3.13.6,Windows-11-10.0.26200-SP0,2026-09-13T10:54:51.289796+00:00
confirm:10000:1:hybrid:1:timed,a7a39d252f9e751d19ea16dbb1afa28a9bb7a5994ed037e179d55230e31342a3,35aa442b72a0e70d,c(iii)-confirmation,confirm,hybrid,10000,1,100,103401,1,timed,,0.0234375,0.026787550013978034,2,0.046875,0.05357510002795607,5,True,True,exact_histogram+sum+squares+xor,True,505388,33931758,86,b39337e85209f490bf876d1e824af7b9ec4ac838a1df2f4d11c6b0a04a050b16,6a23bea9a5d6ffb3a6ea8034f9a08fec0048d8a5b40a18924dd85c8e47fecfa8,30089216,3.13.6,Windows-11-10.0.26200-SP0,2026-09-13T10:54:51.355284+00:00
confirm:10000:2:hybrid:8:timed,a7a39d252f9e751d19ea16dbb1afa28a9bb7a5994ed037e179d55230e31342a3,35aa442b72a0e70d,c(iii)-confirmation,confirm,hybrid,10000,8,100,103402,2,timed,,0.015625,0.019060749968048185,2,0.03125,0.03812149993609637,0,True,True,exact_histogram+sum+squares+xor,True,507613,34096349,29,477cbf98f4c5c418075f2288eaf6ecc1076a042d9191107b517a8aba995cb7f7,06a00ede824b6347bb1bbcafacf9640741437e7874ce06278df2a8e33867c3dd,30093312,3.13.6,Windows-11-10.0.26200-SP0,2026-09-13T10:54:51.412948+00:00
confirm:10000:2:hybrid:8:counted,a7a39d252f9e751d19ea16dbb1afa28a9bb7a5994ed037e179d55230e31342a3,35aa442b72a0e70d,c(iii)-confirmation,confirm,hybrid,10000,8,100,103402,2,counted,121249,,,1,,,1,True,True,exact_histogram+sum+squares+xor,True,507613,34096349,29,477cbf98f4c5c418075f2288eaf6ecc1076a042d9191107b517a8aba995cb7f7,06a00ede824b6347bb1bbcafacf9640741437e7874ce06278df2a8e33867c3dd,30093312,3.13.6,Windows-11-10.0.26200-SP0,2026-09-13T10:54:51.448294+00:00
confirm:10000:2:hybrid:1:counted,a7a39d252f9e751d19ea16dbb1afa28a9bb7a5994ed037e179d55230e31342a3,35aa442b72a0e70d,c(iii)-confirmation,confirm,hybrid,10000,1,100,103402,2,counted,120275,,,1,,,2,True,True,exact_histogram+sum+squares+xor,True,507613,34096349,29,477cbf98f4c5c418075f2288eaf6ecc1076a042d9191107b517a8aba995cb7f7,06a00ede824b6347bb1bbcafacf9640741437e7874ce06278df2a8e33867c3dd,30097408,3.13.6,Windows-11-10.0.26200-SP0,2026-09-13T10:54:51.493183+00:00
confirm:10000:2:hybrid:4:counted,a7a39d252f9e751d19ea16dbb1afa28a9bb7a5994ed037e179d55230e31342a3,35aa442b72a0e70d,c(iii)-confirmation,confirm,hybrid,10000,4,100,103402,2,counted,120331,,,1,,,3,True,True,exact_histogram+sum+squares+xor,True,507613,34096349,29,477cbf98f4c5c418075f2288eaf6ecc1076a042d9191107b517a8aba995cb7f7,06a00ede824b6347bb1bbcafacf9640741437e7874ce06278df2a8e33867c3dd,30097408,3.13.6,Windows-11-10.0.26200-SP0,2026-09-13T10:54:51.525347+00:00
confirm:10000:2:hybrid:4:timed,a7a39d252f9e751d19ea16dbb1afa28a9bb7a5994ed037e179d55230e31342a3,35aa442b72a0e70d,c(iii)-confirmation,confirm,hybrid,10000,4,100,103402,2,timed,,0.0234375,0.022875950031448156,2,0.046875,0.04575190006289631,4,True,True,exact_histogram+sum+squares+xor,True,507613,34096349,29,477cbf98f4c5c418075f2288eaf6ecc1076a042d9191107b517a8aba995cb7f7,06a00ede824b6347bb1bbcafacf9640741437e7874ce06278df2a8e33867c3dd,30097408,3.13.6,Windows-11-10.0.26200-SP0,2026-09-13T10:54:51.584110+00:00
confirm:10000:2:hybrid:1:timed,a7a39d252f9e751d19ea16dbb1afa28a9bb7a5994ed037e179d55230e31342a3,35aa442b72a0e70d,c(iii)-confirmation,confirm,hybrid,10000,1,100,103402,2,timed,,0.0234375,0.02639189996989444,2,0.046875,0.05278379993978888,5,True,True,exact_histogram+sum+squares+xor,True,507613,34096349,29,477cbf98f4c5c418075f2288eaf6ecc1076a042d9191107b517a8aba995cb7f7,06a00ede824b6347bb1bbcafacf9640741437e7874ce06278df2a8e33867c3dd,30101504,3.13.6,Windows-11-10.0.26200-SP0,2026-09-13T10:54:51.647034+00:00
scale:1000:0:hybrid:8:counted,a7a39d252f9e751d19ea16dbb1afa28a9bb7a5994ed037e179d55230e31342a3,35aa442b72a0e70d,c(i),scale,hybrid,1000,8,100,11200,0,counted,9085,,,1,,,0,True,True,exact_histogram+sum+squares+xor,True,50729,3374789,5,63aaac6597433ee6cd434b218623ddf8ed55579b8f2521277b6e86436377f6f8,fe946f6e97b51703da019da8897456d262e3427e86ae5c6e322e0ddb00f679c5,30105600,3.13.6,Windows-11-10.0.26200-SP0,2026-09-13T10:54:51.661763+00:00
scale:1000:0:hybrid:8:timed,a7a39d252f9e751d19ea16dbb1afa28a9bb7a5994ed037e179d55230e31342a3,35aa442b72a0e70d,c(i),scale,hybrid,1000,8,100,11200,0,timed,,0.00078125,0.0013042850012425333,20,0.015625,0.026085700024850667,1,True,True,exact_histogram+sum+squares+xor,True,50729,3374789,5,63aaac6597433ee6cd434b218623ddf8ed55579b8f2521277b6e86436377f6f8,fe946f6e97b51703da019da8897456d262e3427e86ae5c6e322e0ddb00f679c5,30105600,3.13.6,Windows-11-10.0.26200-SP0,2026-09-13T10:54:51.695222+00:00
scale:1000:1:hybrid:8:timed,a7a39d252f9e751d19ea16dbb1afa28a9bb7a5994ed037e179d55230e31342a3,35aa442b72a0e70d,c(i),scale,hybrid,1000,8,100,11201,1,timed,,0.00078125,0.0009285249980166554,20,0.015625,0.01857049996033311,0,True,True,exact_histogram+sum+squares+xor,True,50255,3384951,93,06383c45ae3a0ff8b4ed4718dca5ba23dbe376ed8e57e89424c7edfced699d43,764bc38b7d44cdf5517bac44afa9770b130d5a0d429669602793341d2986b59b,30105600,3.13.6,Windows-11-10.0.26200-SP0,2026-09-13T10:54:51.721337+00:00
scale:1000:1:hybrid:8:counted,a7a39d252f9e751d19ea16dbb1afa28a9bb7a5994ed037e179d55230e31342a3,35aa442b72a0e70d,c(i),scale,hybrid,1000,8,100,11201,1,counted,9113,,,1,,,1,True,True,exact_histogram+sum+squares+xor,True,50255,3384951,93,06383c45ae3a0ff8b4ed4718dca5ba23dbe376ed8e57e89424c7edfced699d43,764bc38b7d44cdf5517bac44afa9770b130d5a0d429669602793341d2986b59b,30105600,3.13.6,Windows-11-10.0.26200-SP0,2026-09-13T10:54:51.727946+00:00
scale:1000:2:hybrid:8:timed,a7a39d252f9e751d19ea16dbb1afa28a9bb7a5994ed037e179d55230e31342a3,35aa442b72a0e70d,c(i),scale,hybrid,1000,8,100,11202,2,timed,,0.0015625,0.0012895499996375293,20,0.03125,0.025790999992750585,0,True,True,exact_histogram+sum+squares+xor,True,51227,3460231,49,df835042f5db2fa5cfa1b3ed0ea55fdc281aed1b4d427e3322437972f40830dd,c207f5df83a241be1c85cec4c054516d6eb28d757c8d829b60e612de6cfafdf0,30113792,3.13.6,Windows-11-10.0.26200-SP0,2026-09-13T10:54:51.761003+00:00
scale:1000:2:hybrid:8:counted,a7a39d252f9e751d19ea16dbb1afa28a9bb7a5994ed037e179d55230e31342a3,35aa442b72a0e70d,c(i),scale,hybrid,1000,8,100,11202,2,counted,9113,,,1,,,1,True,True,exact_histogram+sum+squares+xor,True,51227,3460231,49,df835042f5db2fa5cfa1b3ed0ea55fdc281aed1b4d427e3322437972f40830dd,c207f5df83a241be1c85cec4c054516d6eb28d757c8d829b60e612de6cfafdf0,30113792,3.13.6,Windows-11-10.0.26200-SP0,2026-09-13T10:54:51.768731+00:00
scale:3000:0:hybrid:8:counted,a7a39d252f9e751d19ea16dbb1afa28a9bb7a5994ed037e179d55230e31342a3,35aa442b72a0e70d,c(i),scale,hybrid,3000,8,100,31200,0,counted,31434,,,1,,,0,True,True,exact_histogram+sum+squares+xor,True,150232,10036152,64,e81ee8e15c0d41cecdb3bd0cbb2c9fff75d083d44b761a84558047603ae4a5ec,fa1770ecf466233cba9a28bea8fe983fd19e682580970edc25f36926f69ded5d,30113792,3.13.6,Windows-11-10.0.26200-SP0,2026-09-13T10:54:51.782934+00:00
scale:3000:0:hybrid:8:timed,a7a39d252f9e751d19ea16dbb1afa28a9bb7a5994ed037e179d55230e31342a3,35aa442b72a0e70d,c(i),scale,hybrid,3000,8,100,31200,0,timed,,0.005208333333333333,0.0033867000020109117,6,0.03125,0.02032020001206547,1,True,True,exact_histogram+sum+squares+xor,True,150232,10036152,64,e81ee8e15c0d41cecdb3bd0cbb2c9fff75d083d44b761a84558047603ae4a5ec,fa1770ecf466233cba9a28bea8fe983fd19e682580970edc25f36926f69ded5d,30113792,3.13.6,Windows-11-10.0.26200-SP0,2026-09-13T10:54:51.810118+00:00
scale:3000:1:hybrid:8:counted,a7a39d252f9e751d19ea16dbb1afa28a9bb7a5994ed037e179d55230e31342a3,35aa442b72a0e70d,c(i),scale,hybrid,3000,8,100,31201,1,counted,31420,,,1,,,0,True,True,exact_histogram+sum+squares+xor,True,151264,10184022,26,8e82c563a263fa2cf3a09f78cd1b34bfc68988e6045d1d334974fe2becdcf125,d90fcb81fc3b8cdd94c267fe123c725604c516f62c8e395d90a3108cd52dd1ed,30121984,3.13.6,Windows-11-10.0.26200-SP0,2026-09-13T10:54:51.822343+00:00
scale:3000:1:hybrid:8:timed,a7a39d252f9e751d19ea16dbb1afa28a9bb7a5994ed037e179d55230e31342a3,35aa442b72a0e70d,c(i),scale,hybrid,3000,8,100,31201,1,timed,,0.0026041666666666665,0.003426899997672687,6,0.015625,0.020561399986036122,1,True,True,exact_histogram+sum+squares+xor,True,151264,10184022,26,8e82c563a263fa2cf3a09f78cd1b34bfc68988e6045d1d334974fe2becdcf125,d90fcb81fc3b8cdd94c267fe123c725604c516f62c8e395d90a3108cd52dd1ed,30121984,3.13.6,Windows-11-10.0.26200-SP0,2026-09-13T10:54:51.848930+00:00
scale:3000:2:hybrid:8:counted,a7a39d252f9e751d19ea16dbb1afa28a9bb7a5994ed037e179d55230e31342a3,35aa442b72a0e70d,c(i),scale,hybrid,3000,8,100,31202,2,counted,31365,,,1,,,0,True,True,exact_histogram+sum+squares+xor,True,151037,10165181,77,60fb93d5551f9bdcc2a7e1f9aa653ef48afd551c47f8d9ebaefdbb90ceeeaf97,b77cadc193b73e902692d6dfa5e75bb2bfa67bf49ff458f3cb069c6e7d05e6df,30121984,3.13.6,Windows-11-10.0.26200-SP0,2026-09-13T10:54:51.860964+00:00
scale:3000:2:hybrid:8:timed,a7a39d252f9e751d19ea16dbb1afa28a9bb7a5994ed037e179d55230e31342a3,35aa442b72a0e70d,c(i),scale,hybrid,3000,8,100,31202,2,timed,,0.005208333333333333,0.0038430666706214347,6,0.03125,0.02305840002372861,1,True,True,exact_histogram+sum+squares+xor,True,151037,10165181,77,60fb93d5551f9bdcc2a7e1f9aa653ef48afd551c47f8d9ebaefdbb90ceeeaf97,b77cadc193b73e902692d6dfa5e75bb2bfa67bf49ff458f3cb069c6e7d05e6df,30121984,3.13.6,Windows-11-10.0.26200-SP0,2026-09-13T10:54:51.891471+00:00
scale:10000:0:hybrid:8:counted,a7a39d252f9e751d19ea16dbb1afa28a9bb7a5994ed037e179d55230e31342a3,35aa442b72a0e70d,c(i),scale,hybrid,10000,8,100,101200,0,counted,121337,,,1,,,0,True,True,exact_histogram+sum+squares+xor,True,504135,33624839,81,36abdd04b56f54950c0ca24f9bab778fd8c5fdaeabedc8b676a44e5d91e3b002,a5eb3349699a76a822e3e1e632c9678ddad4d22acde86809a890e11c91103aa9,30121984,3.13.6,Windows-11-10.0.26200-SP0,2026-09-13T10:54:51.925158+00:00
scale:10000:0:hybrid:8:timed,a7a39d252f9e751d19ea16dbb1afa28a9bb7a5994ed037e179d55230e31342a3,35aa442b72a0e70d,c(i),scale,hybrid,10000,8,100,101200,0,timed,,0.0078125,0.01426705002086237,2,0.015625,0.02853410004172474,1,True,True,exact_histogram+sum+squares+xor,True,504135,33624839,81,36abdd04b56f54950c0ca24f9bab778fd8c5fdaeabedc8b676a44e5d91e3b002,a5eb3349699a76a822e3e1e632c9678ddad4d22acde86809a890e11c91103aa9,30126080,3.13.6,Windows-11-10.0.26200-SP0,2026-09-13T10:54:51.964363+00:00
scale:10000:1:hybrid:8:counted,a7a39d252f9e751d19ea16dbb1afa28a9bb7a5994ed037e179d55230e31342a3,35aa442b72a0e70d,c(i),scale,hybrid,10000,8,100,101201,1,counted,121276,,,1,,,0,True,True,exact_histogram+sum+squares+xor,True,500806,33332064,98,4159d8f691b009324a0d6cced9f32285c7b965ec62465da55101762c46b06e87,d7df6dbf6f1cc557de49e8d7c9b9a3f5904d4c38d09d45295a5c47d4b881ecf7,30130176,3.13.6,Windows-11-10.0.26200-SP0,2026-09-13T10:54:51.990573+00:00
scale:10000:1:hybrid:8:timed,a7a39d252f9e751d19ea16dbb1afa28a9bb7a5994ed037e179d55230e31342a3,35aa442b72a0e70d,c(i),scale,hybrid,10000,8,100,101201,1,timed,,0.015625,0.01568260003114119,2,0.03125,0.03136520006228238,1,True,True,exact_histogram+sum+squares+xor,True,500806,33332064,98,4159d8f691b009324a0d6cced9f32285c7b965ec62465da55101762c46b06e87,d7df6dbf6f1cc557de49e8d7c9b9a3f5904d4c38d09d45295a5c47d4b881ecf7,30130176,3.13.6,Windows-11-10.0.26200-SP0,2026-09-13T10:54:52.033499+00:00
scale:10000:2:hybrid:8:timed,a7a39d252f9e751d19ea16dbb1afa28a9bb7a5994ed037e179d55230e31342a3,35aa442b72a0e70d,c(i),scale,hybrid,10000,8,100,101202,2,timed,,0.0078125,0.015538199979346246,2,0.015625,0.03107639995869249,0,True,True,exact_histogram+sum+squares+xor,True,508590,34106054,92,8f76f9aa3a23a58edf815e923821761eb6f00043b367cad115b991e18e3492f7,cdd6fdd0eb4892349ef3a5195d6fef53a9059ddc29bdf4cfb1ff3f39c7317088,30130176,3.13.6,Windows-11-10.0.26200-SP0,2026-09-13T10:54:52.083130+00:00
scale:10000:2:hybrid:8:counted,a7a39d252f9e751d19ea16dbb1afa28a9bb7a5994ed037e179d55230e31342a3,35aa442b72a0e70d,c(i),scale,hybrid,10000,8,100,101202,2,counted,121256,,,1,,,1,True,True,exact_histogram+sum+squares+xor,True,508590,34106054,92,8f76f9aa3a23a58edf815e923821761eb6f00043b367cad115b991e18e3492f7,cdd6fdd0eb4892349ef3a5195d6fef53a9059ddc29bdf4cfb1ff3f39c7317088,30130176,3.13.6,Windows-11-10.0.26200-SP0,2026-09-13T10:54:52.108056+00:00
final:10000:0:hybrid:8:counted,a7a39d252f9e751d19ea16dbb1afa28a9bb7a5994ed037e179d55230e31342a3,35aa442b72a0e70d,d,final,hybrid,10000,8,100,109500,0,counted,121172,,,1,,,0,True,True,exact_histogram+sum+squares+xor,True,501985,33494979,23,f8254564ae2c14df240784ac82052c87fdeccdd2a5eba1e28393fe706b29860a,7112ca03a0445cd47b58c767447ea40d7fc6998a6c796f7bc01ae1325bf196a8,30134272,3.13.6,Windows-11-10.0.26200-SP0,2026-09-13T10:54:52.139009+00:00
final:10000:0:original:1:counted,a7a39d252f9e751d19ea16dbb1afa28a9bb7a5994ed037e179d55230e31342a3,35aa442b72a0e70d,d,final,original,10000,1,100,109500,0,counted,120197,,,1,,,1,True,True,exact_histogram+sum+squares+xor,True,501985,33494979,23,f8254564ae2c14df240784ac82052c87fdeccdd2a5eba1e28393fe706b29860a,7112ca03a0445cd47b58c767447ea40d7fc6998a6c796f7bc01ae1325bf196a8,30134272,3.13.6,Windows-11-10.0.26200-SP0,2026-09-13T10:54:52.171150+00:00
final:10000:0:original:1:timed,a7a39d252f9e751d19ea16dbb1afa28a9bb7a5994ed037e179d55230e31342a3,35aa442b72a0e70d,d,final,original,10000,1,100,109500,0,timed,,0.015625,0.017114799993578345,2,0.03125,0.03422959998715669,2,True,True,exact_histogram+sum+squares+xor,True,501985,33494979,23,f8254564ae2c14df240784ac82052c87fdeccdd2a5eba1e28393fe706b29860a,7112ca03a0445cd47b58c767447ea40d7fc6998a6c796f7bc01ae1325bf196a8,30134272,3.13.6,Windows-11-10.0.26200-SP0,2026-09-13T10:54:52.214567+00:00
final:10000:0:hybrid:8:timed,a7a39d252f9e751d19ea16dbb1afa28a9bb7a5994ed037e179d55230e31342a3,35aa442b72a0e70d,d,final,hybrid,10000,8,100,109500,0,timed,,0.015625,0.014055649982765317,2,0.03125,0.028111299965530634,3,True,True,exact_histogram+sum+squares+xor,True,501985,33494979,23,f8254564ae2c14df240784ac82052c87fdeccdd2a5eba1e28393fe706b29860a,7112ca03a0445cd47b58c767447ea40d7fc6998a6c796f7bc01ae1325bf196a8,30134272,3.13.6,Windows-11-10.0.26200-SP0,2026-09-13T10:54:52.252315+00:00
final:10000:1:hybrid:8:timed,a7a39d252f9e751d19ea16dbb1afa28a9bb7a5994ed037e179d55230e31342a3,35aa442b72a0e70d,d,final,hybrid,10000,8,100,109501,1,timed,,0.015625,0.01521159999538213,2,0.03125,0.03042319999076426,0,True,True,exact_histogram+sum+squares+xor,True,508692,34183596,56,22b5a99690a8cee769857ca809be0f0abd3f55302b65298132dd2fe5dc34c2f8,e5804e854724cb5190777ea9d398a32b2b68ce693f848d955c40920aab3828ac,30138368,3.13.6,Windows-11-10.0.26200-SP0,2026-09-13T10:54:52.300582+00:00
final:10000:1:original:1:timed,a7a39d252f9e751d19ea16dbb1afa28a9bb7a5994ed037e179d55230e31342a3,35aa442b72a0e70d,d,final,original,10000,1,100,109501,1,timed,,0.0234375,0.021344350010622293,2,0.046875,0.042688700021244586,1,True,True,exact_histogram+sum+squares+xor,True,508692,34183596,56,22b5a99690a8cee769857ca809be0f0abd3f55302b65298132dd2fe5dc34c2f8,e5804e854724cb5190777ea9d398a32b2b68ce693f848d955c40920aab3828ac,30138368,3.13.6,Windows-11-10.0.26200-SP0,2026-09-13T10:54:52.352498+00:00
final:10000:1:original:1:counted,a7a39d252f9e751d19ea16dbb1afa28a9bb7a5994ed037e179d55230e31342a3,35aa442b72a0e70d,d,final,original,10000,1,100,109501,1,counted,120240,,,1,,,2,True,True,exact_histogram+sum+squares+xor,True,508692,34183596,56,22b5a99690a8cee769857ca809be0f0abd3f55302b65298132dd2fe5dc34c2f8,e5804e854724cb5190777ea9d398a32b2b68ce693f848d955c40920aab3828ac,30138368,3.13.6,Windows-11-10.0.26200-SP0,2026-09-13T10:54:52.384016+00:00
final:10000:1:hybrid:8:counted,a7a39d252f9e751d19ea16dbb1afa28a9bb7a5994ed037e179d55230e31342a3,35aa442b72a0e70d,d,final,hybrid,10000,8,100,109501,1,counted,121329,,,1,,,3,True,True,exact_histogram+sum+squares+xor,True,508692,34183596,56,22b5a99690a8cee769857ca809be0f0abd3f55302b65298132dd2fe5dc34c2f8,e5804e854724cb5190777ea9d398a32b2b68ce693f848d955c40920aab3828ac,30138368,3.13.6,Windows-11-10.0.26200-SP0,2026-09-13T10:54:52.409556+00:00
final:10000:2:original:1:counted,a7a39d252f9e751d19ea16dbb1afa28a9bb7a5994ed037e179d55230e31342a3,35aa442b72a0e70d,d,final,original,10000,1,100,109502,2,counted,120260,,,1,,,0,True,True,exact_histogram+sum+squares+xor,True,505373,33916415,115,5812425a32a0d64f5b37f4569def4eb76eb61c3925583dfcf289d3d019dea709,6a2f5034d0573fe7905a8da0d528c4a6abc7c7b1073da0cba59b793032c891ee,30142464,3.13.6,Windows-11-10.0.26200-SP0,2026-09-13T10:54:52.446929+00:00
final:10000:2:hybrid:8:timed,a7a39d252f9e751d19ea16dbb1afa28a9bb7a5994ed037e179d55230e31342a3,35aa442b72a0e70d,d,final,hybrid,10000,8,100,109502,2,timed,,0.015625,0.015179199981503189,2,0.03125,0.030358399963006377,1,True,True,exact_histogram+sum+squares+xor,True,505373,33916415,115,5812425a32a0d64f5b37f4569def4eb76eb61c3925583dfcf289d3d019dea709,6a2f5034d0573fe7905a8da0d528c4a6abc7c7b1073da0cba59b793032c891ee,30142464,3.13.6,Windows-11-10.0.26200-SP0,2026-09-13T10:54:52.485512+00:00
final:10000:2:hybrid:8:counted,a7a39d252f9e751d19ea16dbb1afa28a9bb7a5994ed037e179d55230e31342a3,35aa442b72a0e70d,d,final,hybrid,10000,8,100,109502,2,counted,121161,,,1,,,2,True,True,exact_histogram+sum+squares+xor,True,505373,33916415,115,5812425a32a0d64f5b37f4569def4eb76eb61c3925583dfcf289d3d019dea709,6a2f5034d0573fe7905a8da0d528c4a6abc7c7b1073da0cba59b793032c891ee,30142464,3.13.6,Windows-11-10.0.26200-SP0,2026-09-13T10:54:52.508382+00:00
final:10000:2:original:1:timed,a7a39d252f9e751d19ea16dbb1afa28a9bb7a5994ed037e179d55230e31342a3,35aa442b72a0e70d,d,final,original,10000,1,100,109502,2,timed,,0.015625,0.01653040002565831,2,0.03125,0.03306080005131662,3,True,True,exact_histogram+sum+squares+xor,True,505373,33916415,115,5812425a32a0d64f5b37f4569def4eb76eb61c3925583dfcf289d3d019dea709,6a2f5034d0573fe7905a8da0d528c4a6abc7c7b1073da0cba59b793032c891ee,30146560,3.13.6,Windows-11-10.0.26200-SP0,2026-09-13T10:54:52.550896+00:00
